Model,Accuracy,F1-Score,CV Mean,CV Std
Random Forest,0.68,0.6796723740970987,0.6945440251572327,0.037668206210904
SVM,0.705,0.7048354338215143,0.7308569182389937,0.03977295195445511
Neural Network,0.765,0.7671796635114992,0.7233726415094339,0.017933742666367672
XGBoost,0.68,0.6798662253837345,0.6832547169811322,0.056399247237881124
