Model,Accuracy,F1-Score,CV Mean,CV Std
Random Forest,0.8748748748748749,0.8744360704726193,0.8634889139880135,0.005000563521578767
SVM,0.9134134134134134,0.9132720116157095,0.9059059127223602,0.001511425512944103
Neural Network,0.8818818818818819,0.881766664275403,0.8643564774917991,0.048433412089204445
XGBoost,0.9019019019019019,0.9017749612919979,0.8917671479593394,0.005727471599282849
